ID,Name,PhotoUrl
58956489,Bradley Terry,https://randomuser.me/api/portraits/men/16.jpg
870251772,Kathryn Jimenez,https://randomuser.me/api/portraits/women/65.jpg
675653122,Terra Pena,https://randomuser.me/api/portraits/women/42.jpg
521315971,Tiffany Dunn,https://randomuser.me/api/portraits/women/13.jpg
643161378,Joanne Peters,https://randomuser.me/api/portraits/women/43.jpg
737801312,Keith Lee,https://randomuser.me/api/portraits/men/4.jpg
366121878,Ritthy Knight,https://randomuser.me/api/portraits/men/0.jpg
767073950,Steven Peterson,https://randomuser.me/api/portraits/men/87.jpg
557319592,Gregory Mills,https://randomuser.me/api/portraits/men/66.jpg
718498830,Annie Baker,https://randomuser.me/api/portraits/women/61.jpg
